Frequency (Hz),Trace 1: Impedance: Magnitude (Ω),Trace 2: Impedance: Phase (°),Trace 3: Impedance: Ls (H),Trace 4: Impedance: Rs (Ω),Trace 5: Impedance: Q
100,0.714934499654417,0.331872228422667,6.59071052358365E-06,0.714922506550326,0.00579232786018601
101.653822,0.71489888551914,0.344303263488319,6.7260010798071E-06,0.714885977775508,0.00600929790690913
103.334996,0.714921138091277,0.343633576161198,6.60391079853935E-06,0.714908280110879,0.00599760923683036
105.043973,0.715103180257175,0.339334036268668,6.41682142449199E-06,0.71509063882813,0.00592256544369061
106.781213,0.714758998125453,0.339459519404487,6.31172010783847E-06,0.714746453459978,0.00592475561441625
108.547184,0.715052346915993,0.365255162924577,6.68359609058463E-06,0.715037817310181,0.0063749915618216
110.342362,0.714818576461094,0.369103370909342,6.641957018139E-06,0.714803743936031,0.00644215821989261
112.167228,0.714938622491111,0.367772769676361,6.51143724513795E-06,0.714923894241074,0.00641893388701384
114.022275,0.714905938932603,0.385808194339567,6.71931293677611E-06,0.714889731474837,0.00673372504551464
115.908,0.715071195148573,0.390778506466419,6.69669736227073E-06,0.715054563562132,0.00682047734130632
117.824912,0.714956629202503,0.375538060963604,6.32981362026168E-06,0.714941272046317,0.00655446949029221
119.773527,0.714817398347442,0.395467414760097,6.55600131065968E-06,0.714800371292416,0.00690231808218148
121.754368,0.715275044162182,0.373354332133223,6.09262071592036E-06,0.715259858327577,0.0065163546043481
123.767968,0.715187701311731,0.412305350660389,6.61796549606172E-06,0.715169183876058,0.00719621010838946
125.814871,0.715032515687834,0.41004331920468,6.4731749865686E-06,0.715014204852455,0.00715672817841636
127.895625,0.715045623695895,0.39736818388632,6.17113679578201E-06,0.715028427082229,0.00693549434987119
130.010791,0.714988194856265,0.41194432163904,6.29291330960033E-06,0.714969714991808,0.00718990863724975
132.160938,0.715192522387832,0.435213603515284,6.54207678758166E-06,0.715171889950255,0.0075960564234237
134.346645,0.715356422238787,0.43243380622765,6.39600315734251E-06,0.715336047857232,0.00754753702664726
136.568499,0.715302924628402,0.40501616778577,5.89258297984927E-06,0.715285053266398,0.00706898339508136
138.8271,0.715131417846399,0.459843771054628,6.57983118776182E-06,0.71510838599326,0.00802596017654518
141.123053,0.715128061151789,0.420303619021718,5.91619650077582E-06,0.715108819920024,0.00733581359594641
143.456977,0.715532604181678,0.43562005530701,6.03543995726109E-06,0.715511923359192,0.00760315075514217
145.8295,0.715266710807609,0.469441187282674,6.39582330323934E-06,0.715242702988832,0.00819347770629203
148.241261,0.715150185235313,0.475061100034469,6.36605150589842E-06,0.715125603165539,0.00829157035144763
150.692908,0.715094932805349,0.47584026120867,6.27226760144757E-06,0.715070271939858,0.00830517021580363
153.1851,0.715292572409706,0.473300207793934,6.1389832163838E-06,0.715268167378039,0.00826083487897676
155.718509,0.715378458326019,0.484690879242527,6.18518634544943E-06,0.71535286140651,0.00845965349561644
158.293816,0.715210566019916,0.464157289686775,5.82542878566992E-06,0.715187097449402,0.00810125017422531
160.911715,0.715212132075528,0.506062312005404,6.2480292923346E-06,0.715184234608081,0.00883268325173373
163.572908,0.715380318881623,0.488028374288972,5.92874721940418E-06,0.71535436817144,0.00851790797044231
166.278113,0.715066085864282,0.526759890428865,6.29238335192464E-06,0.715035865947879,0.00919395349351731
169.028057,0.715151788518283,0.494406280847793,5.81052693633778E-06,0.715125163603131,0.00862923162175908
171.823481,0.715474986059698,0.510491119772602,5.90461909416885E-06,0.715446587736021,0.00890998661258854
174.665136,0.715329416861239,0.531456595624,6.0458717670738E-06,0.715298644323479,0.00927593345421143
177.553786,0.71531905704457,0.543270295092108,6.0796252368223E-06,0.715286901697627,0.00948213954509795
180.49021,0.715268000587865,0.542523018189415,5.97206223156042E-06,0.715235935928605,0.00946909593167556
183.475197,0.715379504514082,0.558926465828559,6.05347030668733E-06,0.715345466270804,0.00975541655589666
186.50955,0.715557544918342,0.552333716254281,5.88621089940943E-06,0.715524296648459,0.00964034054719082
189.594087,0.715312790727532,0.555526875194541,5.82192988740207E-06,0.715279168423099,0.00969607689367906
192.729636,0.715219901862669,0.577579882902613,5.95378697476656E-06,0.715183561875535,0.0100810121294652
195.917041,0.715408656618005,0.578820704452718,5.87105498264882E-06,0.715372150693461,0.010102670756549
199.15716,0.715134090785019,0.577751323903615,5.76265534170964E-06,0.715097733584135,0.0100840046435846
202.450865,0.715393545231956,0.593582972242931,5.82634966768746E-06,0.71535515429242,0.0103603479077698
205.799043,0.715450449822306,0.626488726050988,6.04976235978462E-06,0.715407681078568,0.0109347267803323
209.202593,0.715272318761556,0.614331593970407,5.83440245927945E-06,0.715231204007315,0.0107225199168656
212.662432,0.715458070537814,0.627091295073248,5.8602077388734E-06,0.715415219027283,0.0109452448524282
216.17949,0.715383495492,0.641604164855558,5.8976639873179E-06,0.715338642288516,0.0111985732664034
219.754714,0.715383092643848,0.672541984841705,6.08145362444999E-06,0.715333809633565,0.011738611122751
223.389066,0.715558883190473,0.680748900741705,6.05700169575021E-06,0.715508377663651,0.0118818688059333
227.083524,0.715477298260143,0.677459159998966,5.9289901965363E-06,0.71542728539021,0.0118244439315124
230.839082,0.715416748964458,0.697647814107638,6.00582634093569E-06,0.71536371538349,0.0121768531660062
234.656749,0.715380059404721,0.678128247704633,5.74252607849057E-06,0.715329954508015,0.0118361233493324
238.537555,0.715328342404098,0.710381621240399,5.91734320063581E-06,0.715273361985396,0.0123991335858175
242.482541,0.715335485750612,0.738404628031247,6.05074962376674E-06,0.715276081527818,0.0128883055186799
246.492771,0.715207875912893,0.748124140891276,6.02957815538454E-06,0.715146908439758,0.0130579715705696
250.569323,0.715069229810897,0.759169027847347,6.0178791754226E-06,0.71500646106678,0.0132507745704434
254.713294,0.715396536186903,0.769662483676236,6.00454323786901E-06,0.715331990730265,0.0134339525283733
258.925799,0.715272266178336,0.784214904400722,6.01748605179029E-06,0.715205268534507,0.0136879868938203
263.207971,0.715447756518528,0.787194589347677,5.94353500926898E-06,0.715380232227213,0.0137400019876572
267.560963,0.715229879660277,0.811614457111451,6.02636800265446E-06,0.715158122924278,0.0141662920678784
271.985945,0.715457315222306,0.835129068210207,6.10201102411849E-06,0.715381316204459,0.0145767842256324
276.484109,0.715188600260792,0.835882072930574,6.00589192482871E-06,0.715112492728212,0.0145899294323391
281.056664,0.715588001282098,0.83344855673191,5.89427161467514E-06,0.715512293987124,0.0145474475475396
285.704842,0.715337144218946,0.871958111511071,6.06414438400181E-06,0.715254308360311,0.0152197149855658
290.429892,0.715360106052059,0.884119686225381,6.04887665313362E-06,0.715274940697128,0.0154320243633548
295.233085,0.715450063084362,0.890255217018168,5.99251118256341E-06,0.715363700747945,0.0155391352565238
300.115716,0.715378502357236,0.922176095257555,6.10576036405089E-06,0.715285845200421,0.0160963990898433
305.079096,0.715397793978186,0.929287306398894,6.05290153150867E-06,0.715303699784392,0.0162205455439332
310.124561,0.715461867115174,0.952563192575502,6.10409968780262E-06,0.715362991586168,0.0166268959784579
315.25347,0.715389383633963,0.965702059322309,6.08699169945379E-06,0.715287772039964,0.0168562767371629
320.467202,0.715475675027117,0.971936176886989,6.02734016297359E-06,0.715372734901665,0.0169651137301225
325.767159,0.715368439265571,0.982475945475635,5.99267351588607E-06,0.715263270269995,0.0171491209153562
331.154768,0.715438050327898,0.999523470985065,5.99804182219254E-06,0.715329189469818,0.0174467453951155
336.631479,0.715506185703551,1.03443484388643,6.1071095962067E-06,0.71538957655691,0.018056255823316
342.198765,0.715275991010637,1.0397875294083,6.03689295283909E-06,0.715158209891406,0.0181497084256273
347.858124,0.715651263758501,1.05756534532907,6.04337219011687E-06,0.71552935686225,0.0184600938155572
353.611079,0.715429010261339,1.07079412451106,6.01753853769942E-06,0.715304073396247,0.0186910592369279
359.459177,0.715451125474569,1.11031856843207,6.13830289852883E-06,0.715316791357488,0.0193811409221545
365.403992,0.715285749215103,1.10466238380691,6.00629202267219E-06,0.715152810955043,0.0192823849842736
371.447124,0.715335368249101,1.13687154845427,6.08125335565678E-06,0.715194555173373,0.0198447561272864
377.590199,0.715588347753581,1.16872561365647,6.15208732039905E-06,0.715439480880824,0.020400939583167
383.834869,0.715402919218262,1.17630502982525,6.08966253899181E-06,0.715252154367887,0.0205332807657357
390.182815,0.715633781108713,1.1962804605321,6.09426941294993E-06,0.715477802222826,0.0208820673028701
396.635745,0.715533077260623,1.20991833005073,6.06260316559187E-06,0.715373544298832,0.0211201980107193
403.195395,0.715573482349947,1.22603360410848,6.04373487246225E-06,0.715409662262376,0.0214015897435392
409.863529,0.715573662775209,1.26071625163355,6.11356983917933E-06,0.715400443479973,0.0220072013122589
416.641943,0.715422513070576,1.28588726247875,6.13286704334521E-06,0.715242346213865,0.0224467353739745
423.53246,0.715658254556428,1.29249947543213,6.06610640940904E-06,0.715476170148482,0.0225621987079066
430.536933,0.715536782091545,1.32765209552009,6.12864505832224E-06,0.71534469161183,0.0231760485620624
437.657248,0.715480879848953,1.34086752904601,6.08846252442475E-06,0.715284961686708,0.0234068265172869
444.895321,0.715537637748276,1.38213495742804,6.17419688673843E-06,0.715329458677766,0.0241274859020712
452.253098,0.715624741287088,1.39702252057236,6.13990525717983E-06,0.715412027624936,0.0243874757926799
459.73256,0.715474766908337,1.41209007617337,6.10386602058528E-06,0.715257485843833,0.0246506123479727
467.335719,0.715505261469305,1.44040699969708,6.12520785342202E-06,0.715279169496092,0.0251451422788451
475.06462,0.715249891559281,1.48147478391752,6.19510230035525E-06,0.715010809564108,0.0258623765764993
482.921344,0.715456706698111,1.50353572688258,6.18683258932041E-06,0.715210380456348,0.0262476740593581
490.908004,0.715472629832624,1.52004156151044,6.15311352118465E-06,0.715220860274814,0.0265359558779581
499.026749,0.715509711038398,1.55958226016506,6.21074733828575E-06,0.71524465968256,0.0272265699643283
507.279764,0.715455227309179,1.57304720861587,6.16197053946164E-06,0.715185600275733,0.0274617533654781
515.669269,0.71564231450517,1.60054767578682,6.16927869598971E-06,0.715363105295617,0.0279420954028391
524.197521,0.715676215796873,1.64534093595035,6.23900498450495E-06,0.715381147000583,0.0287245129173942
532.866816,0.715656703424695,1.64764942253996,6.1459428666894E-06,0.715360814182752,0.0287648368995658
541.679485,0.715486578711048,1.67129077407505,6.13122183264244E-06,0.715182210375943,0.0291778026562208
550.6379,0.715676391613966,1.71233423526881,6.18118836593318E-06,0.715356806762544,0.0298947711535888
559.744472,0.71562672499798,1.73853400066607,6.17320615530223E-06,0.715297309258478,0.0303524582744486
569.00165,0.715533789886503,1.76735815065888,6.17262388063842E-06,0.715193405535566,0.0308560057973523
578.411925,0.715706973407635,1.78467233097354,6.13315260560524E-06,0.715359803674611,0.0311584857932587
587.977829,0.715723767511836,1.81896189486064,6.1493984684146E-06,0.715363121690011,0.0317575438457408
597.701937,0.715811382247833,1.843843496614,6.13282437512663E-06,0.715440757879735,0.0321922537172073
607.586864,0.715714732424345,1.87591081781663,6.13710670290214E-06,0.715331157439794,0.0327525242273819
617.63527,0.715867036693342,1.89580321892759,6.10255614753643E-06,0.715475201000302,0.0331000885272338
627.849858,0.715742401919379,1.95263764219159,6.18210007589107E-06,0.715326795003399,0.0340931560670771
638.233378,0.715896552694677,1.97030005841135,6.1378324430533E-06,0.715473302708345,0.034401784949823
648.788623,0.715774138482864,2.00503000340609,6.14331110082708E-06,0.715335912449662,0.0350086669388166
659.518433,0.715923361087171,2.03796135706445,6.14386211516673E-06,0.715470528810196,0.0355841435605879
670.425695,0.715842741477991,2.07648714729763,6.157418136355E-06,0.715372681447957,0.036257413074069
681.513343,0.715942734571648,2.11159633236417,6.16047222990074E-06,0.715456578552889,0.0368710032089983
692.784362,0.715882958847463,2.1338202707153,6.12348821808396E-06,0.715386558313657,0.0372594169931704
704.241783,0.715999582876272,2.17605848841409,6.144048460598E-06,0.715483253977334,0.0379976567962573
715.888689,0.71587869304135,2.19514299618373,6.09604269576307E-06,0.715353357619512,0.038331229446203
727.728215,0.716024692181669,2.24429368899209,6.13232142500999E-06,0.715475459229178,0.0391903597380529
739.763545,0.7159449969811,2.29509557278076,6.16834788165989E-06,0.715370684999631,0.04007841277502
751.997918,0.716066247017344,2.31625768677827,6.12495126576228E-06,0.715481197612268,0.0404483601109846
764.434626,0.715958402351636,2.36908008697225,6.16170530371333E-06,0.715346460525379,0.0413718279446031
777.077015,0.715866216669831,2.40901210888744,6.16277513288433E-06,0.71523355635466,0.0420699863587938
789.928486,0.716329692890197,2.43384841893524,6.12894306240111E-06,0.715683504068697,0.0425042368905371
802.992499,0.716134422967746,2.48569220085747,6.15590159291868E-06,0.715460599905504,0.0434107513950795
816.272566,0.716206718362218,2.51273381579201,6.12220617996529E-06,0.715518087486189,0.0438836157493754
829.772262,0.716010920214436,2.57685759609832,6.17450621454341E-06,0.71528689778972,0.0450049976555342
843.49522,0.716218467592304,2.6060195845815,6.1445249418635E-06,0.715477753286157,0.045515012996299
857.44513,0.716114797198068,2.65751936059312,6.16303332694381E-06,0.715344634640936,0.0464157527973005
871.625748,0.716284214436429,2.6846632959328,6.12609498505922E-06,0.715498055580792,0.0468905349763965
886.040887,0.716054923888678,2.74247434894473,6.15413188808675E-06,0.715234811627468,0.047901794879501
900.694427,0.716277532218889,2.77572443975981,6.12925667979549E-06,0.715437155861993,0.0484834662756951
915.590311,0.716165206535884,2.83307203667888,6.15304598135656E-06,0.715289890862791,0.049486772455224
930.732546,0.715998583003527,2.89371090378651,6.1809503956149E-06,0.715085616449364,0.0505477681370513
946.125207,0.716371202048173,2.9286654997902,6.15697859951436E-06,0.715435564071721,0.0511594186467385
961.772435,0.716440005996707,2.98509424616979,6.17399905140284E-06,0.715467880298029,0.0521469138181162
977.67844,0.716474053082005,3.03930097182276,6.18403507646631E-06,0.715466261363441,0.0530956194371764
993.847503,0.716164706602462,3.10074521013085,6.20361348815921E-06,0.715116217747378,0.0541711086155524
1010.283973,0.716381906455755,3.13193061996087,6.16587161372514E-06,0.71531190228163,0.0547170100635864
1026.992272,0.716373198381078,3.1738645453744,6.14661356283289E-06,0.715274370203319,0.0554511158879958
1043.976898,0.716396812872468,3.23658082062213,6.1661731372098E-06,0.715254103452116,0.056549154193656
1061.242419,0.716710871889614,3.28363616259782,6.15664563343941E-06,0.715534187695915,0.0573730895572623
1078.793481,0.716640347132815,3.33064300737674,6.14248219679565E-06,0.715429860866901,0.0581962532677774
1096.634806,0.71687276133419,3.37133511903867,6.11827286676387E-06,0.715632122528944,0.0589088995170157
1114.771195,0.71676739192178,3.43831489511811,6.13726611784179E-06,0.715477171412457,0.0600820552595506
1133.207528,0.716869284757474,3.49021098991209,6.12930282663724E-06,0.715539645662163,0.0609911323555786
1151.948765,0.716899755371766,3.54778833541282,6.12918751488778E-06,0.715525840554138,0.0619998469725075
1170.999948,0.717010775229862,3.60547935006103,6.12833722946811E-06,0.715591609452625,0.0630106790696958
1190.366204,0.717062075138132,3.65713755110798,6.1153317603767E-06,0.715601860727895,0.0639159161224075
1210.052744,0.717163090359964,3.71866283822203,6.11776776087374E-06,0.715653136000643,0.064994196189335
1230.064864,0.717184237747503,3.76686197212901,6.09630975803924E-06,0.715634855931834,0.0658390297406495
1250.407949,0.717055385075486,3.83414129180048,6.10298645496086E-06,0.715450471707839,0.0670184572064549
1271.087472,0.717444087590555,3.89357084576044,6.09991652813808E-06,0.715788158152235,0.068060430144086
1292.108998,0.717399663261235,3.94047416978015,6.07247291661073E-06,0.715703718547362,0.0688828856033707
1313.478183,0.717651136177785,4.01544701592139,6.08928555896013E-06,0.71588945160205,0.0701977366304094
1335.200775,0.717535436937486,4.0722028269643,6.07376498273177E-06,0.715723913024138,0.0711932632357313
1357.282621,0.717513183509872,4.1478360061256,6.08554201314931E-06,0.715633831642109,0.0725201273411281
1379.729661,0.717886107593439,4.20931640144137,6.07826846373647E-06,0.715949649568864,0.0735988902985457
1402.547936,0.717791525044858,4.27568025064128,6.07267684023306E-06,0.71579381730231,0.0747635318751078
1425.743584,0.717847793592167,4.3521667575209,6.08101750213364E-06,0.715777846067682,0.0761060698121495
1449.322847,0.717970266107323,4.43396821146473,6.09533843719165E-06,0.715821448291993,0.0775422009946227
1473.292069,0.718087353609592,4.48337021551315,6.06383312674077E-06,0.7158900523098,0.0784096712317262
1497.657699,0.718219193200613,4.5746985172622,6.08755482427206E-06,0.715931088085027,0.0800136525353886
1522.426293,0.718229218378169,4.65765205022612,6.09695380545891E-06,0.715857392975329,0.0814709038063366
1547.604516,0.71838606447776,4.72215711652541,6.08196711049271E-06,0.71594759312182,0.0826043067122483
1573.199142,0.718323241945537,4.80063868335654,6.08169274824554E-06,0.715803311158574,0.0839835719097909
1599.217058,0.718415829453394,4.90015778035938,6.10726105586712E-06,0.715790063396498,0.0857330158054071
1625.665263,0.718439168732954,4.96167123995532,6.08333060015573E-06,0.715747018504391,0.0868146193925808
1652.550875,0.718649252409668,5.06572780600643,6.11132711853373E-06,0.715842251881256,0.0886447274040284
1679.881127,0.718742060158965,5.13879004473425,6.09916631767888E-06,0.715853187468934,0.0899300702122797
1707.663373,0.718991984478954,5.22805915786623,6.10600218403402E-06,0.716000901742582,0.0915009320481515
1735.905087,0.718982342436873,5.30864359145296,6.09890350833872E-06,0.715898448796093,0.0929193547216122
1764.61387,0.71886146072225,5.40901492862531,6.11175454820096E-06,0.715660475059868,0.0946865796429511
1793.797444,0.71909454344947,5.49451336379736,6.10904706522702E-06,0.715790571510944,0.0961924013764514
1823.463663,0.719201822240262,5.60109389608305,6.12677699010696E-06,0.715768019562808,0.0980701329575831
1853.620509,0.719477776406937,5.68956385659101,6.1243365577488E-06,0.715933372787191,0.099629313095589
1884.276095,0.719476347854727,5.78680831046916,6.1273116645094E-06,0.71580986005338,0.101343687295957
1915.43867,0.719633649495163,5.89976830582462,6.14621760509803E-06,0.715821917573128,0.103335860378545
1947.116619,0.719518014592818,5.96801230483125,6.11492749826087E-06,0.715618297202672,0.104539810345351
1979.318464,0.719822082360883,6.10187309149168,6.15246148899917E-06,0.715743908512344,0.106902235651142
2012.052871,0.719635490272759,6.19509554669206,6.14288155971458E-06,0.715432966500075,0.108548156107574
2045.328646,0.720060670308193,6.29121763327968,6.13995463533803E-06,0.715724295007965,0.11024588097391
2079.154744,0.719955436195689,6.38600833758466,6.12979893511824E-06,0.715488192130037,0.111920705819837
2113.540265,0.720334733212951,6.49585979489578,6.13659118038381E-06,0.715710208119718,0.113862410660254
2148.494462,0.720511333327121,6.5839717932574,6.11978021135304E-06,0.71575947449395,0.115420466803482
2184.026738,0.720753681921575,6.70094274937521,6.12874875406193E-06,0.715830018696561,0.11748968257326
2220.146656,0.720859900329362,6.80124073215712,6.11976091412965E-06,0.715787168736056,0.119264743505569
2256.863933,0.720969410455856,6.91362973187521,6.12013024965982E-06,0.715727050992103,0.121254671036232
2294.188448,0.721255013357866,7.02612700787616,6.12046229914162E-06,0.715838731342397,0.123247463876992
2332.130244,0.721549438066718,7.13402109514824,6.11536572818496E-06,0.715963469906559,0.125159621271029
2370.69953,0.72180102460755,7.2482233811225,6.11379751201939E-06,0.716033013272221,0.127184558447573
2409.906683,0.721895899179611,7.35578438784351,6.10389659785306E-06,0.7159548833917,0.129092676928566
2449.762253,0.722229446094855,7.46988086582824,6.10002223109257E-06,0.716100129722301,0.131117745235564
2490.276963,0.72236830269037,7.60823711399201,6.11245265417816E-06,0.716008945040021,0.133574814469415
2531.461715,0.722565611027892,7.71966958319383,6.10221311220669E-06,0.716017102943114,0.135554895545699
2573.327588,0.723006637494412,7.85610044161088,6.11209445928595E-06,0.716220845234071,0.137980605043876
2615.88585,0.723030224639779,7.98124682391773,6.10802028611906E-06,0.716026641320446,0.140207080543024
2659.147948,0.723373710010711,8.12083516910977,6.11594198070015E-06,0.716119974963157,0.142692102902354
2703.125526,0.723758900772428,8.24414987855957,6.11042570058018E-06,0.716279600041672,0.14488885062406
2747.830414,0.72395389986463,8.37240791237142,6.10551346497649E-06,0.716238410302686,0.147175113805799
2793.274641,0.723953811778467,8.51442668084297,6.10731756961661E-06,0.715974837824159,0.149708428072558
2839.470435,0.724552962022936,8.65902919791222,6.11427580129966E-06,0.716294360252456,0.152289763625857
2886.430225,0.724662770414547,8.8108801458365,6.12038346172559E-06,0.71611125150376,0.155002630131369
2934.166647,0.725122440783033,8.94189382292056,6.11348943887727E-06,0.716309650512139,0.157345022373797
2982.692544,0.725574006072329,9.1067272589732,6.12777683055117E-06,0.716428312724151,0.160294476181174
3032.020973,0.725635667130417,9.29830119783941,6.15431238641541E-06,0.716101182707298,0.163725835456133
3082.165207,0.725848234697121,9.40734627071567,6.12634560702661E-06,0.71608645595606,0.165680659842857
3133.138737,0.726248932382944,9.56620935551219,6.13089152386077E-06,0.716149873629531,0.168530770717798
3184.955279,0.727129493169522,9.70879668798625,6.12760815073657E-06,0.716715245790982,0.171091151558075
3237.628774,0.727586386936281,9.84334349144671,6.11447529114074E-06,0.716875482469771,0.173509151620799
3291.173395,0.727371676366595,10.0042295703407,6.11051428178026E-06,0.716311940299136,0.176403096778215
3345.603549,0.727775400109981,10.1439445917343,6.09755968508628E-06,0.716399097454101,0.178918551912586
3400.933881,0.72847844628516,10.2722276557875,6.07927206958233E-06,0.716802095910226,0.181230116918122
3457.179278,0.728744206476079,10.4439416170544,6.08145462137496E-06,0.716670909375295,0.184327216029559
3514.354873,0.729213242938865,10.5945323344228,6.07170317852683E-06,0.716782271080842,0.187046143989522
3572.476052,0.729578228762095,10.7462744018498,6.06050350922599E-06,0.71678326821561,0.189788565177581
3631.558451,0.730124160510419,10.9451059352009,6.0754236662945E-06,0.716842868793203,0.193386211902331
3691.617968,0.730582460278704,11.0898846925266,6.05845552985316E-06,0.716940029213615,0.196008865383362
3752.670763,0.730818967354689,11.2700474372187,6.05743057489096E-06,0.71672655559191,0.199276130440799
3814.733263,0.731313498135471,11.4449867140053,6.05424808743083E-06,0.716771825492517,0.202452587564083
3877.822165,0.73185538942498,11.6351585290265,6.05784502752818E-06,0.716816988724313,0.20591008901337
3941.954446,0.73217868307654,11.8274003668793,6.05903574286104E-06,0.716634149909577,0.209410032475307
4007.147361,0.733019484441284,11.9916065091582,6.04894761243452E-06,0.71702356848347,0.212403453741534
4073.418451,0.733489692329527,12.1785908495765,6.04580773861949E-06,0.716982352556796,0.215816557334073
4140.785546,0.734069088059701,12.3794914416628,6.04881338776467E-06,0.717001305339547,0.219489044045435
4209.266774,0.734959557285211,12.6099991538715,6.06677404979058E-06,0.71723136050081,0.223709727845437
4278.880559,0.73533322286937,12.8083230351078,6.06346050065371E-06,0.717036044610764,0.227347193363447
4349.645633,0.736018791785301,13.0147705434501,6.06495877089634E-06,0.717111971413819,0.231139742393266
4421.581034,0.736343168826343,13.2185825510692,6.06073882414358E-06,0.716833602956865,0.234890077327738
4494.70612,0.737134805699141,13.422742254409,6.05904970797907E-06,0.716999094630281,0.238653098760482
4569.040564,0.737748957504512,13.6504373829437,6.0647287011145E-06,0.716910226584528,0.242857480132576
4644.604368,0.738798602901136,13.8923866035783,6.07838098219764E-06,0.717187557426093,0.247333968419388
4721.417863,0.73990699680862,14.1013080677829,6.07670767449923E-06,0.717610974751413,0.251206909120091
4799.501716,0.740462340851211,14.3380951189428,6.08069804153823E-06,0.717397895040876,0.25560500831489
4878.876937,0.741104615577549,14.5749060262001,6.08371641344757E-06,0.717255481527439,0.26001285370156
4959.564883,0.742240348626256,14.8228011890783,6.09359264494553E-06,0.717539818916853,0.264637177752212
5041.587265,0.742664223997378,15.098877573571,6.10701599801877E-06,0.71702577209811,0.269799691674545
5124.966151,0.743518452645852,15.3437075858891,6.1097737419529E-06,0.717016365355216,0.274389146728222
5209.723975,0.744146889940447,15.5515308219263,6.09493257259243E-06,0.716903459462495,0.278293338989476
5295.883542,0.745135063772818,15.7971227594342,6.09615165731878E-06,0.716992553437061,0.282917239629132
5383.468036,0.746201218368322,16.025037571455,6.08994433873517E-06,0.717204700085444,0.287218363546208
5472.501022,0.747073661240649,16.2562306474427,6.08208443771883E-06,0.717205221927486,0.29159140728753
5563.006454,0.74837819337412,16.5017826993532,6.08161764137385E-06,0.717553167302054,0.296247339263065
5655.008686,0.749238757291233,16.7487309523523,6.0766396147317E-06,0.717454358809154,0.300941683962426
5748.532471,0.749994602930066,17.0136439074429,6.07567794921698E-06,0.717171168670863,0.305991089942278
5843.602973,0.751503540837047,17.2670111273274,6.07534709850073E-06,0.717634673385827,0.310833809409185
5940.245772,0.75277153885482,17.5458180947814,6.08023911576009E-06,0.717749730103059,0.316178185917785
6038.486871,0.753727512270643,17.8084943585185,6.07569032732609E-06,0.717611951197246,0.321228420303246
6138.352702,0.754906944225992,18.0788457944919,6.07406076458121E-06,0.71763746910251,0.326441777192345
6239.870138,0.756565388876768,18.3273001612906,6.06785881726294E-06,0.718189184114375,0.331247055704548
6343.066491,0.757301291447082,18.633976712644,6.07140717292731E-06,0.71760287523202,0.337197480916175
6447.969528,0.759255991700527,18.8967331940796,6.06942228325691E-06,0.718334998610776,0.342312826880262
6554.607474,0.760112912684297,19.1873123293918,6.06589822803048E-06,0.717888010895384,0.347988567552706
6663.009023,0.761495399460584,19.5025004928072,6.07247575848311E-06,0.717806064702202,0.35416768780637
6773.20334,0.763060701980184,19.8024768202356,6.0743675308184E-06,0.717937965724876,0.360070985648786
6885.220076,0.764621602747948,20.0755140266255,6.06694357413708E-06,0.718163984045593,0.365463516838542
6999.089369,0.765959776584804,20.39899171014,6.07094869364427E-06,0.717925001679259,0.371876634577282
7114.841858,0.767867935398472,20.650948592484,6.05779677589498E-06,0.718529580075172,0.37689048023345
7232.508686,0.768971650291741,20.9774726600907,6.05794835884691E-06,0.718005175216659,0.383412991684354
7352.121515,0.770436863831293,21.3113990718851,6.06140289929803E-06,0.717753574288047,0.390112919520266
7473.712528,0.77182689183553,21.6381169309899,6.06076516449584E-06,0.717437315447251,0.396697764025982
7597.314439,0.773738712176773,21.9109214764267,6.04859959931358E-06,0.717847804399712,0.402218859068676
7722.960506,0.775167414780677,22.2500011106263,6.04878602789482E-06,0.717448834084561,0.409110824056142
7850.684536,0.776844422456338,22.5411909933159,6.03725227185609E-06,0.717496752373925,0.41505607876966
7980.520894,0.778786950728408,22.9048725014053,6.04481400784926E-06,0.71738139918317,0.422516757467796
8112.504514,0.780925491303079,23.2279229248535,6.04227454692963E-06,0.717626204077086,0.429177539871621
8246.670908,0.78277642964324,23.5648175003177,6.03958470089974E-06,0.717499443917275,0.436158197937384
8383.056177,0.784626595210132,23.8903089824612,6.0328399303091E-06,0.717401724889487,0.442936664199756
8521.697014,0.787199142850248,24.2451401687998,6.0372826545562E-06,0.717765720416121,0.450365125792009
8662.630725,0.789316002230321,24.6187337096451,6.04112231674174E-06,0.71756713913616,0.458231306408663
8805.895229,0.79183037166776,24.9577211388475,6.03863978108532E-06,0.717888770550198,0.465409609446307
8951.529072,0.793821906154998,25.3282213834869,6.03795587798808E-06,0.717513348150995,0.473300589221461
9099.571441,0.79677675453682,25.6603877393323,6.03475799707605E-06,0.718195939802254,0.480416285146923
9250.062167,0.799448839033138,26.0417351330111,6.03887619345815E-06,0.718284389171203,0.488634602387974
9403.041741,0.802065415726814,26.401024903273,6.03644194592923E-06,0.718413045920653,0.496426607017951
9558.551326,0.805443840475141,26.7682488683474,6.04011419701282E-06,0.719128886644373,0.504440979447515
9716.632763,0.808203664138988,27.1406209395805,6.03889557868632E-06,0.71921204641467,0.512620800506319
9877.328585,0.811510153500028,27.4647137446621,6.03067612578943E-06,0.720048932538496,0.519784547687767
10040.682031,0.814693403700763,27.9030375934257,6.04331619688544E-06,0.719977817512184,0.529540625675011
10206.737052,0.81731973548407,28.3047251963673,6.04297582330082E-06,0.719599559520155,0.538550908417892
10375.538328,0.819847398650992,28.6935459601341,6.03804790580277E-06,0.719170345152542,0.547337609092897
10547.131276,0.823304064947298,29.0761007506681,6.03748795293192E-06,0.719547176350741,0.556046643852517
10721.562067,0.825763500708417,29.4708359356985,6.03067077365995E-06,0.718914849194278,0.565101029465729
10898.877632,0.829181199105082,29.8955648933599,6.03509088738201E-06,0.71884647886841,0.574922506088035
11079.125682,0.832149591965429,30.2910508629747,6.02954989367153E-06,0.718539822371604,0.584143311533236
11262.354714,0.835916072354028,30.7017888796323,6.03126898563163E-06,0.718751008750996,0.593798779339659
11448.614028,0.83924295248511,31.1317741699893,6.03187414421093E-06,0.718375603950778,0.603995187828391
11637.95374,0.843269255081693,31.5247582783556,6.02977303971387E-06,0.718814776915447,0.613395328413953
11830.424794,0.846670878411183,31.9402706947462,6.02585594867224E-06,0.718484959737898,0.623420776162577
12026.078977,0.850683661752578,32.378108757817,6.02874647143096E-06,0.718430075698353,0.634083475969864
12224.968932,0.854524296152365,32.7769201696811,6.02269157944847E-06,0.718470993008465,0.643886051581157
12427.148173,0.858757638371081,33.2290109574958,6.02683629779711E-06,0.718339561863728,0.655105061255045
12632.671099,0.862940141840814,33.6271590411157,6.02071160833568E-06,0.7185347300925,0.665081883554776
12841.593008,0.867542742545503,34.0621044408432,6.02214007941335E-06,0.718699268250013,0.676086743604112
13053.970115,0.87248672574135,34.476259862144,6.0214686789701E-06,0.719243859282602,0.686671071368792
13269.859561,0.877141121490116,34.9145013747955,6.02126260909355E-06,0.71926189588257,0.697985997701144
13489.319434,0.882087747056179,35.3475162655675,6.02103241137261E-06,0.719482001084952,0.70928526645806
13712.408784,0.886584227207813,35.7738281676908,6.01555403830952E-06,0.719313209173501,0.72052858820227
13939.187634,0.891928296742013,36.2132631988333,6.01655024718145E-06,0.719628775497428,0.732244906768396
14169.717003,0.897616128935818,36.6485659146046,6.0180381106577E-06,0.720168017236843,0.743981520316865
14404.058918,0.903223567833319,37.0984909620641,6.0198055486939E-06,0.720410951192661,0.756252658528284
14642.276432,0.908936777962164,37.4922023584518,6.01333357819687E-06,0.721183326819907,0.767110784848661
14884.433639,0.914518499713116,37.9666431548467,6.01587046057269E-06,0.720978080836457,0.780348494865671
15130.595696,0.920562570604254,38.3929811636508,6.01374796422212E-06,0.721508905420914,0.79239079544296
15380.828835,0.926459637466928,38.8460547671263,6.01303525605986E-06,0.721558306501619,0.805344926655654
15635.200386,0.932179447086515,39.3216972373384,6.01287261479727E-06,0.721134300259636,0.819123093781869
15893.778789,0.938800047193054,39.7667868976883,6.01337294389204E-06,0.721612835808032,0.832186990206015
16156.633619,0.945002904783026,40.2371987230851,6.01317181235893E-06,0.721393303474129,0.84617901638663
16423.835601,0.952032299068561,40.7075173822553,6.0169527321759E-06,0.721686915555086,0.860363991806599
16695.456628,0.958700371103677,41.1564158752454,6.01461427190103E-06,0.721820606368501,0.874091052143495
16971.569784,0.965235424734196,41.6196018338302,6.0119931432818E-06,0.721581921552807,0.888453525976922
17252.24936,0.972565016339739,42.067991083549,6.01140005000949E-06,0.721983898935511,0.902555076446391
17537.570877,0.980227204334299,42.5457509188431,6.0150457805968E-06,0.722170277403078,0.917801228393069
17827.611104,0.987886884774667,43.0088800451254,6.01574888882602E-06,0.722390301427888,0.93280488747672
18122.448081,0.99559839140341,43.4378946409258,6.01177960818406E-06,0.722923985461966,0.94690661251752
18422.161137,1.00253358082126,43.9108987870859,6.00688469533429E-06,0.722244440212315,0.962687944482939
18726.830914,1.01095839701727,44.3820299557058,6.00951063712278E-06,0.722523964013773,0.978658133617103
19036.539387,1.01945661610714,44.8395307532665,6.00988458759444E-06,0.722880794269135,0.994414196241453
19351.369887,1.02760549518738,45.3265948833758,6.01009485323467E-06,0.722473145574908,1.01146579306127
19671.407124,1.03635234166322,45.7512168006362,6.00616490567002E-06,0.723141011652393,1.02657233110198
19996.737208,1.0452942598641,46.2185633407599,6.00658178799805E-06,0.723248812767529,1.04346689012132
20327.447672,1.05398147756798,46.6963888285865,6.00537674072462E-06,0.722888184824286,1.06104023101125
20663.627499,1.06335441848734,47.1511656909304,6.00460910855223E-06,0.723151642837182,1.07805717946979
21005.367143,1.07249433692862,47.613299919323,6.00207102751487E-06,0.723001630205738,1.09565039360547
21352.758552,1.08217270593097,48.1122394753486,6.00482973652281E-06,0.722538082585303,1.11499729329824
21705.895198,1.09286111386955,48.557541152857,6.00688105067066E-06,0.723329309031153,1.13258430573849
22064.872095,1.1026343708553,49.0168780252774,6.00400829871972E-06,0.723148065432525,1.15105304423459
22429.785832,1.11300516367814,49.4748840741705,6.00309244389047E-06,0.723209957894452,1.16981080684517
22800.734592,1.123657146816,49.8914081125235,5.99883716591149E-06,0.723903001091135,1.18717680841032
23177.818186,1.13477089370963,50.3578521994086,6.00027816896565E-06,0.72397318667101,1.20698347128509
23561.138071,1.1457988780421,50.8107650546271,5.99886917282679E-06,0.724011623700315,1.22659159562944
23950.797386,1.15716932677865,51.2826772936873,5.99965148656066E-06,0.723784629332299,1.24743094278298
24346.900972,1.16919498498639,51.7238210517375,6.00000816469534E-06,0.724260993694966,1.2673025328843
24749.555407,1.180713326816,52.1702376974491,5.99700500986273E-06,0.72415204794082,1.28781037206485
25158.869031,1.19315577272141,52.6241661750878,5.99809555592299E-06,0.724294137014805,1.30908966204526
25574.951973,1.20541754906986,53.0712295737665,5.99649888541781E-06,0.724241023693759,1.33048300443369
25997.916188,1.21876474273743,53.5217877598154,5.99932448037467E-06,0.724576434845764,1.35249775866908
26427.875478,1.23146667639516,53.9663631639101,5.99725938822971E-06,0.724422714444197,1.37468405060199
26864.94553,1.24468072916693,54.4140941130953,5.99670886110731E-06,0.724308267990197,1.39751138449948
27309.243943,1.25846423038927,54.8456897522788,5.99645392762806E-06,0.72459917853187,1.41999301832866
27760.890262,1.2722935307626,55.2503049401734,5.99322946160603E-06,0.725197629885534,1.44151042461161
28220.006007,1.28657630746737,55.6964628252836,5.99393479549815E-06,0.725084876523203,1.46575079195399
28686.71471,1.30117371587008,56.1035473697509,5.9920742568495E-06,0.725656408832729,1.4883560400059
29161.141945,1.31589115433134,56.5319241046101,5.99104013068709E-06,0.725677487933192,1.51266574907096
29643.415363,1.3313756571474,56.9756678444393,5.99327323446527E-06,0.725593275101869,1.53843423759094
30133.664725,1.34661475890247,57.3867798815039,5.99091032512199E-06,0.725778430340019,1.56286182127824
30632.021939,1.36266277949579,57.79923179684,5.99099155641908E-06,0.726146127479365,1.58792583514981
31138.621096,1.37859938949684,58.2239414435545,5.99011827321036E-06,0.725971287556041,1.61434070779631
31653.598501,1.39515148123943,58.6532796401299,5.9909270894746E-06,0.725779684067669,1.64169390052527
32177.092717,1.41215087942628,59.0729787110051,5.99172571046145E-06,0.725769108512033,1.66909138380062
32709.244595,1.42956919314786,59.4666320345153,5.99136948435707E-06,0.726278437525037,1.69540451463319
33250.19732,1.44721047675143,59.869225756191,5.99120838281974E-06,0.726463982555111,1.72295697792538
33800.09644,1.46532112811974,60.2993008582417,5.99332132955523E-06,0.726021586324284,1.75313692536873
34359.089913,1.48340802140052,60.6867782131352,5.99147610172266E-06,0.726252359038984,1.78101589563723
34927.328144,1.50191374319729,61.097567749456,5.99139750568187E-06,0.725904269952784,1.81131513505308
35504.964025,1.52137051235003,61.4663974864537,5.99137034065274E-06,0.726719262861675,1.83919779869137
36092.152976,1.54064401391835,61.8565593715035,5.99052266491509E-06,0.726691828912308,1.86942091192792
36689.052987,1.56029987264358,62.2501878421402,5.99003908063412E-06,0.726493749706398,1.9007024910726
37295.824663,1.58097788420092,62.6220979579326,5.99094263711439E-06,0.727024278169099,1.93101803610408
37912.631263,1.60133115068081,63.0070417771161,5.98998083663515E-06,0.726813767432728,1.96320695116584
38539.638748,1.62260878226755,63.3662751090199,5.98977693214493E-06,0.727391695107588,1.99402141670087
39177.01582,1.64452655260432,63.7280669397361,5.99071238614553E-06,0.727920051347995,2.02584403642724
39824.933976,1.66595135854484,64.0927753744998,5.98866269372577E-06,0.727879493142226,2.05875800746855
40483.567546,1.68796921425262,64.4548843346844,5.98729763243527E-06,0.72788891053624,2.09230209629498
41153.093743,1.71062637591736,64.8099362138468,5.98651142281026E-06,0.728080852944754,2.1260651233056
41833.692713,1.73412374845222,65.1570373824668,5.98691096232255E-06,0.728562008532164,2.15994329041674
42525.547579,1.75749682307846,65.4986147402332,5.98525818251408E-06,0.728860722022443,2.1941591485455
43228.844494,1.78130864170441,65.8493153582548,5.98419193061067E-06,0.728800709992986,2.23023292224158
43943.772689,1.80576864063801,66.1758762357515,5.98282300101472E-06,0.72940501974877,2.26472051783487
44670.524524,1.83075184631072,66.5170957461973,5.98249946066538E-06,0.72950961360425,2.30172041152109
45409.295542,1.85663622532722,66.8500036287407,5.98334305947761E-06,0.72991723143682,2.33880988492146
46160.284519,1.88222920473828,67.1860971051594,5.98199856505294E-06,0.729814170900596,2.37729106476491
46923.693518,1.90814993228532,67.4907962040351,5.97897697160731E-06,0.73050054240098,2.41311709265731
47699.727943,1.93530234510557,67.8205509992607,5.97952762561789E-06,0.730593412123475,2.45293983045688
48488.596598,1.96262042064168,68.1415307204473,5.97880767807288E-06,0.730713305649162,2.49279778983586
49290.511737,1.99075379270839,68.4505347817656,5.97866719241898E-06,0.731212524453678,2.53223468153428
50105.689126,2.01890025489702,68.7484929857717,5.9767224993805E-06,0.731775738956496,2.57129551844128
50934.348099,2.04805206459664,69.0554244014884,5.97672318957753E-06,0.732106304404904,2.61264026509547
51776.711617,2.07788880662131,69.3614489593877,5.9772510238866E-06,0.732396354763458,2.65503135254032
52633.00633,2.10756896171798,69.6641342973952,5.97577862943938E-06,0.732428010093352,2.69815939147063
53503.462634,2.13864304851564,69.9627434656229,5.97667270881307E-06,0.732765631648229,2.74192859073659
54388.314737,2.16980252118644,70.2554127940306,5.97613388703073E-06,0.733019617771907,2.78605824392177
55287.80072,2.20182069322822,70.5463255818851,5.97645293604544E-06,0.733304475702589,2.83118566743746
56202.162601,2.2341606244289,70.8274357586878,5.97584016693508E-06,0.733730520506333,2.87604239793651
57131.646401,2.26743944858538,71.1062024086458,5.97620525760439E-06,0.734230905588146,2.92179305293883
58076.50221,2.30074121158201,71.4009644749947,5.97574615489895E-06,0.733806121507587,2.97160534464597
59036.984253,2.33517708727474,71.6622872963025,5.97560699303594E-06,0.734687133700525,3.01705776641595
60013.350961,2.36997035631669,71.9290226907304,5.97511569782779E-06,0.735152751142266,3.06476004896942
61005.865038,2.40538365290577,72.1935858646906,5.974660837676E-06,0.735570871609,3.113437785496
62014.793532,2.44125985599844,72.4534582852346,5.9737487418323E-06,0.735992023196687,3.16263457978055
63040.407908,2.47778281902318,72.7274808192848,5.97342970690434E-06,0.735695611401319,3.21606246253368
64082.984122,2.51578640354541,72.9739765794637,5.97430142036403E-06,0.736637411005913,3.26554711765121
65142.802693,2.55369635470365,73.2207620736611,5.97347892190039E-06,0.737213519117961,3.31650268173805
66220.148777,2.59222605458938,73.4648940911199,5.97256527151756E-06,0.737754724258517,3.36836329302128
67315.312249,2.63162420768119,73.7120024340186,5.97227604379349E-06,0.738080169856503,3.4223944960348
68428.587777,2.6716056838899,73.9469384820209,5.97146676990916E-06,0.738772334448304,3.47526432192677
69560.274902,2.71274245231128,74.1893397366383,5.97197535180115E-06,0.739111826698468,3.53141707873657
70710.678119,2.75391403119263,74.4212868341143,5.97076696792002E-06,0.739596557492764,3.5867417744005
71880.106959,2.79619699016773,74.6572184012929,5.97060614514846E-06,0.739854686637231,3.64468985095964
73068.876071,2.83956528784337,74.8794637649388,5.97086839861943E-06,0.740702142533406,3.70089014406687
74277.305311,2.88330895000944,75.1035173811815,5.9704688454285E-06,0.74122222808443,3.75920500195929
75505.71982,2.92776069567238,75.3338302844388,5.97021205420464E-06,0.741270295196571,3.82096342421537
76754.450121,2.97295664058043,75.5465088776846,5.96949718344349E-06,0.742032271206232,3.87970220264385
78023.832199,3.01951956504488,75.7665531322708,5.97021270531314E-06,0.742419135685126,3.94228295877797
79314.2076,3.06633806269374,75.9829074956485,5.96981635167514E-06,0.742701863064731,4.00568981270994
80625.923514,3.11346830483243,76.1883788309839,5.96825701483042E-06,0.743279613400283,4.06770890826541
81959.332876,3.16249467110526,76.3928305079187,5.96880248783407E-06,0.744020304918176,4.1312426400363
83314.794457,3.2121482566148,76.5976066727088,5.96900657169709E-06,0.744539146770325,4.1967830127862
84692.672961,3.26215466347876,76.7928542228563,5.96811641992588E-06,0.745311947944143,4.26113124633176
86093.339126,3.31311004968413,76.9922398309364,5.96755994093528E-06,0.745724820377971,4.32880091128085
87517.169817,3.36485046126593,77.184975591429,5.96675057258666E-06,0.746337961069356,4.39618018890034
88964.548135,3.41769520158763,77.375256632876,5.96633033607008E-06,0.746987437027138,4.46468520242686
90435.863516,3.47139280977847,77.5610902496029,5.96577833593483E-06,0.747732939257433,4.53357868884561
91931.511836,3.52622700194296,77.7458262093169,5.96563129728133E-06,0.748437658976605,4.60410317623613
93451.895519,3.58174436388912,77.9253093804911,5.96499760240423E-06,0.749253012591996,4.67465709080321
94997.423644,3.6378882485113,78.1002787551575,5.96379795112492E-06,0.750130464172802,4.74545450098904
96568.512055,3.69592911780078,78.2776716506931,5.96423385349627E-06,0.750897802422176,4.81935855243528
98165.583474,3.75449776320283,78.455600478393,5.96398894577732E-06,0.751377258472727,4.8957350239466
99789.067613,3.81386783858564,78.6238014585323,5.96328240558662E-06,0.75228583216871,4.97010229175289
101439.401293,3.87438483094874,78.7984736355424,5.96297615895094E-06,0.75263987199793,5.04966301425831
103117.028555,3.93621641549085,78.9557655509044,5.96279636633923E-06,0.754048346317376,5.12343280188103
104822.400789,3.99858351252141,79.1201897176433,5.96203979021835E-06,0.754730285000911,5.20279918537162
106555.976846,4.06240996149653,79.280358733172,5.96184009813656E-06,0.755622263394417,5.28242404962841
108318.223167,4.1268266973343,79.437867159295,5.96092156390037E-06,0.756454275016935,5.36305340087979
110109.613908,4.19277689274542,79.5912389769594,5.96060544220516E-06,0.757507071581103,5.4438831117079
111930.631065,4.25950351772606,79.7435059562312,5.95983610378738E-06,0.758426230705789,5.52649514027034
113781.764607,4.32781010831126,79.8943686391757,5.95971074176138E-06,0.759372656639776,5.61077379036928
115663.512605,4.39709050355545,80.0413195319805,5.95930655188016E-06,0.760423715480464,5.69529624755068
117576.381368,4.46762169305624,80.1859913435625,5.95901004307937E-06,0.761508009740436,5.7809551475327
119520.885577,4.53919842311936,80.328350019063,5.95852078883307E-06,0.762592741803415,5.86772108727834
121497.548428,4.61168258049446,80.4674089742727,5.95762694997103E-06,0.763734290270691,5.95495382864683
123506.901766,4.68569382937099,80.6055786302245,5.95715179892719E-06,0.764845351177852,6.04416248877961
125549.486234,4.76103389913323,80.7471108475665,5.95687452536936E-06,0.765537757231534,6.13827929280801
127625.851416,4.83709131321843,80.8758460330359,5.9557381582703E-06,0.76703843445144,6.22639961643594
129736.555984,4.91509383541607,81.0069963902325,5.95549553534706E-06,0.768297275944398,6.31874520342756
131882.167852,4.99401850235534,81.1343065842887,5.95475839129911E-06,0.769672163410355,6.4109783611879
134063.264324,5.07442779781701,81.2633450198837,5.95427379102405E-06,0.770770966281472,6.50718436763647
136280.432252,5.15602310960741,81.3852236339735,5.95352018123079E-06,0.772322428957183,6.60067809738022
138534.268193,5.23919073343462,81.5085756246522,5.95305771727623E-06,0.773626137011518,6.69801386941135
140825.378572,5.32347830855023,81.6275859948289,5.95225299011443E-06,0.775134163454112,6.79462197075575
143154.379841,5.40916904803414,81.7476213355759,5.95148946271369E-06,0.776398089394129,6.89486423922623
145521.898649,5.49618731579944,81.8628519285314,5.95057193815174E-06,0.777947337065163,6.99385673980399
147928.572006,5.58518009691645,81.9778495819743,5.95023878362347E-06,0.779444979927916,7.09546501960935
150375.04746,5.6755252420433,82.089836437308,5.94974490734489E-06,0.781067191355265,7.19723355441771
152861.983267,5.76692624270294,82.2017609548817,5.94880867285374E-06,0.782486092361363,7.30184706013151
155390.048568,5.86016970553764,82.3112292782265,5.9481911133054E-06,0.784043603448314,7.40709250697393
157959.923572,5.95510661474005,82.4175658956774,5.94769384000621E-06,0.785791172793803,7.51221903754303
160572.299738,6.05116648710155,82.5250888956253,5.94678402894415E-06,0.787208605047919,7.62154168741912
163227.879958,6.14908449862734,82.6228748982406,5.94602075753989E-06,0.78954041585882,7.72371540934511
165927.378752,6.24920114058982,82.7268454388053,5.94590626059794E-06,0.791147934287126,7.83534782714987
168671.522455,6.35021218925187,82.828298692613,5.94505029331252E-06,0.792780858191871,7.94738058002064
171461.049413,6.4535577988763,82.9273095163042,5.9447905896371E-06,0.794616740774698,8.05979872127892
174296.710185,6.55784383156641,83.0216457199549,5.94378149715644E-06,0.796741049903706,8.16986161746225
177179.267742,6.66463799296998,83.1172078703568,5.94350545450444E-06,0.798681384048758,8.28441553859586
180109.497674,6.77282015032614,83.207110554456,5.94283464279061E-06,0.801094164413092,8.39511329664642
183088.188397,6.88225677874354,83.2933002042635,5.94167077852556E-06,0.803757236097447,8.50401239186404
186116.141366,6.99378912626094,83.3861438644501,5.9408516728102E-06,0.805526305163576,8.6244794246894
189194.171291,7.10718798656445,83.4736979535882,5.94000351089116E-06,0.807798070136317,8.74120914113415
192323.106356,7.22246938124645,83.5545673243487,5.93909924777726E-06,0.810772060139329,8.8518315761802
195503.788442,7.33920853255104,83.641460670881,5.93791928765115E-06,0.812815785827883,8.97381694906991
198737.073352,7.45770088612775,83.7223149396487,5.93655051379149E-06,0.815478603173258,9.09034478086634
202023.831042,7.57850707351285,83.8061334186788,5.93551730295437E-06,0.817667354912588,9.21434326618001
205364.945859,7.70195679904406,83.8907714192994,5.9350096040123E-06,0.819674799444142,9.34299306212698
208761.316772,7.8271137117341,83.9765586362783,5.93427112433875E-06,0.821340856050934,9.4770648795028
212213.857619,7.95533078942501,84.0617361813128,5.9342783353048E-06,0.823033112716701,9.61400209023926
215723.49735,8.08561145564739,84.1449007674541,5.93422393846972E-06,0.824837402974238,9.75153324893044
219291.180279,8.21783017122093,84.224911414813,5.93398271620969E-06,0.826908701589229,9.8875740349052
222917.866338,8.35189540281912,84.3003984197207,5.93345888423238E-06,0.829450371554876,10.0194129670586
226604.531334,8.4878460210727,84.3699360233979,5.93265309093684E-06,0.832700960808318,10.1439791190419
230352.16721,8.62549013282593,84.4401490300819,5.9314881573225E-06,0.835684815661518,10.2729063122435
234161.782319,8.76507462460907,84.5102744870941,5.93011621040901E-06,0.838530610990887,10.4049540398582
238034.401684,8.90648351404093,84.5760989501236,5.92840418324328E-06,0.84187293672688,10.5320000449225
241971.067286,9.05129426688586,84.6481808443626,5.92747920677873E-06,0.844224152608357,10.6746974498868
245972.838334,9.19788024419728,84.7133120692005,5.92610521904312E-06,0.847485684631742,10.8069715485742
250040.791558,9.3469190703673,84.7825595543441,5.92481271449786E-06,0.849968782104595,10.9512170091354
254176.021492,9.4985258541985,84.8500117478458,5.92359045238132E-06,0.852618726610616,11.0954418916456
258379.640773,9.65294290223261,84.9175676795394,5.92257660435309E-06,0.855143523072079,11.2437151473167
262652.78044,9.80975821403753,84.9818650074254,5.92145741192379E-06,0.858069844072154,11.3885344965063
266996.590237,9.96962931379033,85.047155432381,5.92064165673687E-06,0.860736197645659,11.5394282897857
271412.238921,10.1316719822043,85.1069519058952,5.91951620750355E-06,0.864191420650122,11.6811488873931
275900.91458,10.2964772952928,85.1698202274851,5.91848537204645E-06,0.866991402496769,11.8339245557021
280463.82495,10.4639157758424,85.2338135996601,5.9174303042331E-06,0.86944404033764,11.9935634640458
285102.197741,10.6340204235499,85.2912150136282,5.91628043547944E-06,0.872960763097815,12.1404409573515
289817.280968,10.8080141037023,85.3493231281949,5.91574583563175E-06,0.876319426388414,12.2928112518084
294610.343285,10.9838103031472,85.4104866717558,5.91466811148391E-06,0.87888589883329,12.4573521692274
299482.674326,11.1629552794638,85.4635640146523,5.91377690602842E-06,0.882912150791816,12.6037277723116
304435.585057,11.344769722699,85.520701022372,5.91278203006918E-06,0.886014074511756,12.7651679189945
309470.408121,11.5293623505956,85.5743634171782,5.91165979490694E-06,0.889664911622434,12.9205787364027
314588.498203,11.7170640488989,85.6289643368889,5.91059319369806E-06,0.893015863105628,13.0826163045262
319791.232391,11.9083192387903,85.6804478599226,5.90974407730085E-06,0.896922828967134,13.2391473869113
325080.010548,12.1024854548951,85.7352682944976,5.90881304208514E-06,0.900000090165681,13.4099707164038
330456.255688,12.2991879748336,85.7858097031603,5.90754181449975E-06,0.903808253289754,13.5713905168618
335921.41436,12.499624295348,85.8359076930658,5.90651656008461E-06,0.907637198302864,13.7352540906364
341476.957036,12.7036610836516,85.8878443732632,5.90565584900279E-06,0.91096753743063,13.9093394165314
347124.378505,12.9104370638666,85.9344404480643,5.9044808253905E-06,0.9153224960961,14.0693023868868
352865.19828,13.1206778966648,85.9854584196978,5.90337872994301E-06,0.918574089734228,14.2486969966624
358700.961003,13.3350626259016,86.0310362853966,5.9025520740009E-06,0.923000997377279,14.4128565940765
364633.236861,13.5524253663438,86.079568735802,5.90151406569164E-06,0.92659359834571,14.5918471649735
370663.622009,13.7729390166338,86.1238902643942,5.90027463692567E-06,0.93104085141058,14.7592171860852
376793.739002,13.9975392101497,86.1709233788236,5.89926072003391E-06,0.93475929244648,14.9410577818612
383025.237225,14.2255070091891,86.2146719823053,5.89809830052153E-06,0.939145024422375,15.1142500553502
389359.793345,14.4571295510246,86.2601343518143,5.89692052979006E-06,0.94298982722303,15.2985136531441
395799.111756,14.6933374033909,86.3022858786674,5.89604388976403E-06,0.94760999271371,15.4734002487851
402344.925039,14.9329899460292,86.3471641472058,5.89501842711092E-06,0.951393223028429,15.6640301201976
408998.994431,15.1765833768363,86.3912354719923,5.89399673846396E-06,0.955262522687898,15.8558401982649
415763.110295,15.4240501544492,86.4323493754316,5.89291446608488E-06,0.959792685989935,16.0390456137296
422639.092603,15.6761996009945,86.4736488890794,5.89207389991876E-06,0.964205240221563,16.2273734675113
429628.791428,15.931868328123,86.5145529667459,5.89100500807684E-06,0.968578160262962,16.4182916399331
436734.087439,16.1921809056657,86.554297281045,5.89009856400494E-06,0.973192391069028,16.6081330802209
443956.892407,16.4562010032548,86.5939995228764,5.88899385442843E-06,0.977677991834141,16.8021916159689
451299.149722,16.7249705427326,86.6330238304963,5.88803889857444E-06,0.982274306851898,16.9973911883195
458762.834912,16.9980940943455,86.669709493466,5.88705503452246E-06,0.987450075124025,17.1850596822321
466349.95618,17.2755308266629,86.7084465076128,5.88603095050654E-06,0.991906586586381,17.3877575523211
474062.554939,17.5582916937437,86.7456400018027,5.88526211071427E-06,0.996762470614654,17.5869145296325
481902.706361,17.8446129519358,86.7834510264285,5.88414236263674E-06,1.00125920517299,17.7940941222929
489872.519943,18.1362820961324,86.8183571284088,5.8832239048884E-06,1.00659284430223,17.9897233444763
497974.140065,18.4326633813051,86.8554839614768,5.88229832294201E-06,1.01111658114105,18.2025600489409
506209.746574,18.7337549593285,86.8903111921374,5.88131579194081E-06,1.01626248865078,18.406828870044
514581.555365,19.0399107610467,86.9274011053235,5.88038880435271E-06,1.02056334291407,18.6294554615833
523091.818982,19.3514509130322,86.961420807671,5.87955853855757E-06,1.02578858897992,18.8384276371356
531742.827221,19.6680543915815,86.9969666423216,5.87872429328517E-06,1.03038627324443,19.0618275818855
540536.907749,19.9891903614321,87.0317429931558,5.877693451184E-06,1.03509400304329,19.2855647295378
549476.426727,20.3163250634334,87.0654276253918,5.8768733615315E-06,1.04010563581595,19.507329353054
558563.789447,20.6493794582564,87.0996007517084,5.87621493956563E-06,1.04485652220572,19.7375689965555
567801.440983,20.9871731731478,87.1328533993722,5.87534804142768E-06,1.04978398726912,19.966871038929
577191.866844,21.3304362909442,87.1650015309148,5.87445814540573E-06,1.05500060397905,20.1936663721547
586737.593645,21.6796605386468,87.1966922700549,5.87365818462731E-06,1.06029651425178,20.4223219965039
596441.189788,22.0350727219026,87.2287127844739,5.87298354272405E-06,1.06537878454807,20.658664176821
606305.266151,22.3958477617359,87.260932372966,5.87218653343697E-06,1.07024250390443,20.9020487739594
616332.476791,22.7630457875002,87.2917960672933,5.87151432413653E-06,1.07554200632968,21.1406175282174
626525.51966,23.1356405991228,87.3212082829493,5.87067525795926E-06,1.08128358751321,21.3730784755824
636887.137327,23.5148964390332,87.3508855837501,5.8699763700764E-06,1.08684198703819,21.6128625456078
647420.117719,23.9007030327875,87.3814742688037,5.86936221111326E-06,1.09192722973116,21.8656944041052
658127.294872,24.2928655894061,87.410013346459,5.8687432459992E-06,1.09775576339718,22.1069666037936
669011.549689,24.6918388005296,87.4376670878005,5.86820820243043E-06,1.10387928218764,22.3458775888755
680075.810721,25.0965697150741,87.4675879511057,5.86749628443819E-06,1.10888036103707,22.6102480881412
691323.05495,25.50880402448,87.495111141129,5.86697206022862E-06,1.11485290995293,22.8590068105778
702756.308592,25.927456963331,87.5233404034391,5.866369851835E-06,1.12038776033019,23.1198869218974
714378.647913,26.3533247504809,87.5514543074576,5.86584231518877E-06,1.12587141926068,23.3856757324517
726193.200053,26.7863833821736,87.5806746950401,5.86536107484502E-06,1.13072411077412,23.6684678942128
738203.14387,27.226897900562,87.6086531405402,5.86494617545425E-06,1.13603577865998,23.9457133984368
750411.710795,27.6752570023739,87.6361855073006,5.86465519068665E-06,1.14145609937009,24.2249417419457
762822.185702,28.1306714260561,87.6628872617494,5.86429101077715E-06,1.14714069855628,24.5020267376661
775437.907788,28.5933494099253,87.6886430669129,5.86387438371301E-06,1.15316543364045,24.7753580015932
788262.271478,29.0638214197131,87.7160959765501,5.8635006802174E-06,1.15822494809508,25.0734833802952
801298.727331,29.5425401292263,87.741640974442,5.86321830145423E-06,1.16414138286329,25.3573962841725
814550.782976,30.0290844568441,87.7667895756433,5.86292157095175E-06,1.17014353284613,25.6432450021077
828022.00405,30.524350078339,87.7920498325701,5.86276019901895E-06,1.17599524511475,25.9369145615681
841716.015158,31.0271143738765,87.8154478285858,5.86246389201883E-06,1.18270367586438,26.2149897999519
855636.500851,31.5394501431912,87.8412991587954,5.86241595692486E-06,1.1880130006618,26.5292277350723
869787.206617,32.0597701936289,87.8643476046179,5.86226916078474E-06,1.19472449945697,26.815806866104
884171.939886,32.5888285980811,87.8889966378475,5.86215523219784E-06,1.20042983519186,27.129208927875
898794.571057,33.1269272282968,87.910719543892,5.8620840865818E-06,1.2076998518958,27.411533963074
913659.034537,33.6744478223985,87.9345063835137,5.86211320187879E-06,1.2136896183908,27.727491766695
928769.329803,34.2310890269535,87.9560821513698,5.86214543151983E-06,1.22086994961028,28.0204379039391
944129.522475,34.7967285269242,87.97817594517,5.86214449680709E-06,1.22763428002983,28.3268940763523
959743.745412,35.3717184871365,87.9992614665926,5.86213970810214E-06,1.23491083063479,28.6256741783607
975616.199823,35.9569898795452,88.019666437758,5.8622589097168E-06,1.24254627017329,28.9208662317092
991751.156397,36.5525295719657,88.0406297859586,5.86247302396316E-06,1.2497600974769,29.2305365257756
1008152.956453,37.158171625301,88.0630641688446,5.86272911431786E-06,1.25592646626573,29.5693591414275
1024826.013107,37.7759437588198,88.0853432908872,5.86330897799062E-06,1.26212618251728,29.9136917082182
1041774.812461,38.4018500016783,88.107952630577,5.86356288465329E-06,1.26789294449563,30.2714151033755
1059003.914809,39.0404532908202,88.1295915861303,5.86416209747519E-06,1.27424086023777,30.6218816250366
1076517.955863,39.6887408186484,88.1518359005191,5.86462431260176E-06,1.27999980216474,30.9907038840404
1094321.648003,40.3495979297324,88.1721337066714,5.86534162031252E-06,1.28702603805909,31.3350821661703
1112419.781544,41.0207079851464,88.1928673520821,5.86595229606154E-06,1.29359563965499,31.6948393806067
1130817.226021,41.7045354047433,88.2140633150155,5.86678252069497E-06,1.29973969955715,32.0712501330162
1149518.931505,42.3984020620752,88.2335276382412,5.86741833422526E-06,1.30696783372164,32.4248630819698
1168529.929933,43.1058385603523,88.2522941065052,5.86832710664404E-06,1.31466307888034,32.7732534424101
1187855.336458,43.8242646197042,88.2721374706754,5.86912965899676E-06,1.32140322410657,33.1498649348446
1207500.350833,44.5554604576431,88.2917726193852,5.87003586214732E-06,1.3281882716468,33.5311344870505
1227470.258802,45.2995529063435,88.3108973564573,5.8710302826698E-06,1.33525562420328,33.9110120364698
1247770.433528,46.055777570233,88.3290742276509,5.87198384863507E-06,1.34294146052515,34.2801196698434
1268406.337035,46.825141394197,88.3461389733404,5.87299826175616E-06,1.35143501473027,34.6340258520377
1289383.521679,47.6090259411246,88.3631460777167,5.87421802266757E-06,1.35993299219065,34.994076382321
1310707.631645,48.4055573798594,88.3805660385487,5.87538095614866E-06,1.36797452308686,35.3707051916509
1332384.40446,49.216524837828,88.3975177772579,5.87667471287977E-06,1.37633739866432,35.7450698658126
1354419.672539,50.0408928404395,88.4153449975269,5.87794886726712E-06,1.38382691810131,36.1474071693134
1376819.364757,50.8795106331794,88.4317147399462,5.87926968376119E-06,1.39248691429367,36.5249048485267
1399589.508042,51.733474603973,88.4481794888457,5.88073745597936E-06,1.40099764478083,36.9126251299028
1422736.228994,52.6024597710453,88.4637889282923,5.88227971539687E-06,1.41020508313069,37.2878768482325
1446265.755538,53.4865704209783,88.4786376883773,5.88387804366106E-06,1.42005033356631,37.6519866277136
1470184.418598,54.3851561304583,88.4926239703544,5.88543246565399E-06,1.43063633737121,38.0015064287771
1494498.653801,55.3021847964357,88.508198209354,5.88734746234851E-06,1.43973217514167,38.3984199592845
1519215.003205,56.2364830974141,88.5241260948699,5.88945281701306E-06,1.44842744925358,38.8130086706209
1544340.117063,57.1888534144612,88.5399479631767,5.89179386643934E-06,1.45716955081089,39.2337913316157
1569880.755614,58.1575044115983,88.5557247374055,5.89415070449117E-06,1.46584182433025,39.6625525810375
1595843.790897,59.1435014012735,88.5700230478852,5.89659788137111E-06,1.47593880038535,40.0593048523297
1622236.208601,60.1477644470643,88.5863725687982,5.89920289997189E-06,1.48384234174246,40.5228081256667
1649065.109949,61.1682199059743,88.6010715573743,5.90172145545198E-06,1.49332920670635,40.9487661741906
1676337.713603,62.2091421387179,88.615986343492,5.90454058712641E-06,1.50255272376505,41.3902239468426
1704061.357611,63.2691102262222,88.6292288105529,5.90748092028908E-06,1.51353556819921,41.7902330298553
1732243.501377,64.3472538182521,88.6437380624729,5.91043605438819E-06,1.52303680975969,42.2374735017172
1760891.727673,65.4448723665268,88.6570623655521,5.91348906358069E-06,1.53380119471752,42.6566993353619
1790013.744674,66.5625732689861,88.6708851752003,5.9166653654333E-06,1.54394214278839,43.1004911887169
1819617.388035,67.7001207044221,88.6836680972797,5.91990683098795E-06,1.55522780475706,43.5191902796854
1849710.623,68.8606824476294,88.6966863353256,5.92345774730027E-06,1.56624675848298,43.9540369417076
1880301.546543,70.0395876309597,88.7092980483397,5.92687823214852E-06,1.57764825917666,44.3836683062945
1911398.389548,71.2432240591157,88.720136450003,5.93067492484558E-06,1.59128689187621,44.7596537954957
1943009.519024,72.4683847969407,88.7343530660146,5.93455034340402E-06,1.6006751427932,45.2625913399291
1975143.440352,73.716045767294,88.7446960208049,5.93853444929481E-06,1.61492946722793,45.6356488991571
2007808.799582,74.9871474050848,88.7572944747042,5.94268145650767E-06,1.6262914496,46.0984469715143
2041014.38575,76.2886705550602,88.7686047397792,5.94749114571039E-06,1.63946238861223,46.5219896622467
2074769.133248,77.6138301729686,88.7803049209661,5.9523856112964E-06,1.65209475901809,46.9683984170033
2109082.12423,78.9642459062124,88.7931969346048,5.95745528753308E-06,1.66307621561917,47.4703023772521
2143962.591048,80.3405487108835,88.8037187790844,5.9627012864916E-06,1.67731214642047,47.8879485296503
2179419.918744,81.7436073177211,88.814677403915,5.96815471022868E-06,1.69097330371283,48.3308135444132
2215463.64757,83.174416717704,88.8255430965814,5.97384598083928E-06,1.7048014376168,48.7780815066397
2252103.475559,84.6331886553468,88.8352438374922,5.97974617702827E-06,1.72037520630707,49.1844460065059
2289349.26113,86.1162220780426,88.8460582240095,5.98556238343336E-06,1.73427064305266,49.6455138965385
2327211.025744,87.6338543915333,88.8568560487289,5.9919728171407E-06,1.74832187091222,50.1145780641575
2365698.956597,89.178843188997,88.8665422554615,5.99842870894791E-06,1.76407160311185,50.5429561521356
2404823.409367,90.7555968743226,88.8764983833321,6.00519146381978E-06,1.77949451980642,50.9909687426098
2444594.910994,92.3602135717622,88.8847056754678,6.011957098525E-06,1.79772956863708,51.3662998737887
2485024.162514,94.0019505802769,88.894721385369,6.01929417382797E-06,1.81325575305907,51.8318832557043
2526122.041941,95.6740774926118,88.9039116426029,6.02671441658754E-06,1.83016702223989,52.2665800048789
2567899.607191,97.3775145856181,88.9128371401603,6.03424016501862E-06,1.84758573381261,52.6957876455685
2610368.099058,99.1211058320035,88.9212356975846,6.04237305555234E-06,1.8661408230919,53.1061408910358
2653538.944241,100.896090825775,88.929950228123,6.0505278296486E-06,1.88421492646864,53.5387413613611
2697423.758413,102.712969837123,88.93786719519,6.05928825736103E-06,1.90395466174771,53.937902992636
2742034.349351,104.558197689057,88.9455857530325,6.0678073515091E-06,1.92407593345133,54.3328311460536
2787382.720113,106.451516884083,88.9551287083011,6.07719486724268E-06,1.94118955787891,54.8291720218179
2833481.072265,108.380834477275,88.9617465796783,6.08668740335572E-06,1.9638551875254,55.1787327431456
2880341.809163,110.344680644049,88.9691182057551,6.0961719198052E-06,1.98524544172617,55.5733907233576
2927977.539297,112.361437659435,88.9765362381091,6.10661284702704E-06,2.00698454870022,55.9762714970993
2976401.079675,114.420013054637,88.9839997856089,6.11733673233109E-06,2.02885215105392,56.3875608993006
3025625.459278,116.529122310507,88.9881867857782,6.12874735360304E-06,2.05773581592376,56.6209479723656
3075663.922562,118.688049793748,88.9935616319909,6.14074753123212E-06,2.08472710148007,56.923392722041
3126529.933024,120.897018707132,89.0009132184938,6.15328602069508E-06,2.10801726312132,57.3423383359611
3178237.17682,123.154179451369,89.0058823150583,6.16620002926326E-06,2.13669499053341,57.6290219396056
3230799.566456,125.465511016666,89.0105307119757,6.17973299725549E-06,2.16661855897612,57.8998097407191
3284231.24452,127.827402748334,89.0168661071945,6.19364672805038E-06,2.19327298363891,58.2729948066011
3338546.587499,130.243992586276,89.0206753411791,6.20807490867155E-06,2.22607919933366,58.4997009988611
3393760.209638,132.72064488596,89.025696026842,6.22321302329207E-06,2.25678088073766,58.8012143707179
3449886.966875,135.249442183697,89.0306958002907,6.23862091734973E-06,2.28798002360304,59.1045755728306
3506941.960843,137.844819944302,89.0346302581281,6.254899785368E-06,2.32242101110094,59.345507866837
3564940.542924,140.496987185499,89.0392551380714,6.27153418105208E-06,2.35576571770439,59.6312420787091
3623898.318388,143.216066195275,89.0417469181593,6.28890633598016E-06,2.39512997605128,59.7863323825282
3683831.150588,146.002591090253,89.046792423847,6.30697159140091E-06,2.42887621675988,60.102851468075
3744755.165227,148.855392312754,89.0506228010534,6.32559893728271E-06,2.46638495829647,60.3453883562119
3806686.754701,151.785049390867,89.0532524423872,6.34516170971488E-06,2.50796108799253,60.5130314997555
3869642.582503,154.78692558939,89.056003300535,6.36538394425772E-06,2.55013087319353,60.6894018473608
3933639.587715,157.86722243725,89.0602259710114,6.38644404891452E-06,2.58924592383766,60.9621457377341
3998694.98956,161.026908412353,89.0620151471638,6.408289282869E-06,2.63604153210929,61.0784499225212
4064826.292033,164.283799783723,89.0635365436621,6.43153842913195E-06,2.68499576544101,61.1776968613898
4132051.288619,167.631058911857,89.0662719249745,6.45581748851505E-06,2.73170029613642,61.3569504322398
4200388.067073,171.07984906605,89.0646522217559,6.48144292826711E-06,2.79273710213449,61.2506822981447
4269855.014288,174.613459126431,89.0645804213434,6.50768970895179E-06,2.85063915341612,61.2459800171223
4340470.821247,178.249752888454,89.0651244074672,6.53513273074827E-06,2.90831105919335,61.2816242063845
4412254.488045,181.989686831476,89.0622274664796,6.56369183114784E-06,2.97853195227754,61.0922810503241
4485225.329007,185.842132329019,89.0626494486342,6.59358978776228E-06,3.04021441376175,61.1197888550942
4559402.977883,189.806554826361,89.0625851903372,6.62468496862707E-06,3.10528173455946,61.1155984429159
4634807.393128,193.882551876378,89.0608111036805,6.65685073103701E-06,3.17796855194979,61.0001331327265
4711458.863275,198.090797335501,89.058772978173,6.69068256412895E-06,3.25399230101336,60.8680202397313
4789378.012396,202.425776391313,89.0582004727336,6.72586514331238E-06,3.32722439874079,60.8310128473018
4868585.805645,206.901463180615,89.0571935285095,6.76273026187558E-06,3.40442589564413,60.7660318786512
4949103.554904,211.511237453615,89.0528687080556,6.80092047336735E-06,3.49623985904307,60.4885099196094
5030952.924515,216.280718065949,89.0497834617279,6.8411317344908E-06,3.58672307566681,60.2920746832505
5114155.937111,221.22942557533,89.0439025763177,6.88380545542655E-06,3.69149472014251,59.9211543169277
5198734.979538,226.341206401482,89.0384272063007,6.92827177994737E-06,3.79841816259851,59.5798888584806
5284712.808882,231.643282121861,89.0305251985665,6.97519377658188E-06,3.91933945220168,59.0941727579913
5372112.558592,237.112115923147,89.0255773809332,7.02370018151272E-06,4.03234362701273,58.7940533416648
5460957.744699,242.794333282821,89.018382858249,7.07499474207141E-06,4.1594585582992,58.3630533033398
5551272.272152,248.682192476752,89.009862064041,7.12865240387243E-06,4.29730460820166,57.8607017661124
5643080.441243,254.788097406857,89.0036676544005,7.1848442891598E-06,4.43035824620919,57.500897649617
5736406.954147,261.126875903323,88.9946623704511,7.24377400744905E-06,4.58161501856545,56.9857306366127
5831276.921571,267.712985929783,88.9868176889931,7.30563545843199E-06,4.73382032669744,56.5444210858229
5927715.869507,274.560940368393,88.9769429249273,7.37059028947843E-06,4.90222123274551,55.9985279817064
6025749.746101,281.700807192172,88.9643271912132,7.43919902480119E-06,5.09171847079113,55.3162530207941
6125404.928637,289.182584056087,88.9498178830602,7.51250036087784E-06,5.30017003787968,54.551836424464
6226708.230631,296.965621941196,88.9365384398192,7.58914723915045E-06,5.51163442404819,53.8704941521159
6329686.909048,305.112695472244,88.9195967105204,7.67045216228054E-06,5.7530454710113,53.0255590676064
6434368.671633,313.626922938058,88.902098477463,7.75617840717954E-06,6.00935020791598,52.1802415824577
6540781.684368,322.522564969307,88.8851584684201,7.84636244991557E-06,6.27513693730145,51.3871675692612
6648954.579054,331.84758025992,88.8648141242335,7.94182247943237E-06,6.57437674981206,50.4659928348829
6758916.461005,341.640037055203,88.8440525589578,8.04309912192284E-06,6.89215051512809,49.5593514785691
6870696.91689,351.948479890935,88.8258539701621,8.15093137260184E-06,7.21187478586613,48.7909998867788
6984326.022686,362.773357405698,88.8009542049064,8.26486768784826E-06,7.59131166347189,47.7775037790753
7099834.351775,374.232462219266,88.7743936604706,8.38714217419488E-06,8.0045459650371,46.741795037969
7217252.983168,386.313140506472,88.7403325570933,8.51692290816608E-06,8.49254323309576,45.4775172055778
7336613.509866,399.14694145333,88.7065764199432,8.65658557868309E-06,9.00977737970721,44.2902443320058
7457948.047364,412.683683876376,88.6718330068304,8.8044327650968E-06,9.56551713102888,43.1312604090247
7581289.242289,427.089876734176,88.6417772787515,8.96343154141102E-06,10.1234131300392,42.1764750243343
7706670.281186,442.371994819941,88.6022918737998,9.13296391653871E-06,10.7904214518938,40.984532087951
7834124.899446,458.7007738856,88.5580162899606,9.31583008141222E-06,11.5430704680657,39.7256096773881
7963687.390382,476.140192422666,88.511302122765,9.5124888016215E-06,12.3700060880553,38.4785162627234
8095392.61446,494.869084645477,88.4614723150018,9.72558975234583E-06,13.2868127344461,37.2317042907123
8229276.008675,515.035441136171,88.4073472093892,9.95698406726682E-06,14.3146146119745,35.9657937260929
8365373.596085,536.713101371089,88.3410923299305,1.02069250858842E-05,15.537498496008,34.5286053661306
8503721.995509,560.200463001811,88.2755805208164,1.04799163440889E-05,16.8576946815191,33.2160934883032
8644358.431372,585.622632991607,88.2106404535564,1.077688861958E-05,18.2861482491865,32.0098613239361
8787320.743729,613.347667009424,88.1267803621213,1.11029458865702E-05,20.0491246469784,30.575893315401
8932647.398439,643.640670681375,88.0457179208356,1.14612171476067E-05,21.9494621548577,29.3066999323913
9080377.497519,676.892367786175,87.9518515420009,1.18565491483211E-05,24.1916739428766,27.9625103350006
9230550.789663,713.776108408607,87.8324208372678,1.22982598233461E-05,26.9967038513301,26.4204619187304
9383207.68094,754.652490436093,87.7117013980498,1.27899649695761E-05,30.1315595998099,25.0252797448566
9538389.245661,800.191941230736,87.5645587078957,1.33397227624677E-05,34.0030925499894,23.5116601679778
9696137.237434,851.418835465703,87.4117425897457,1.39611552962631E-05,38.448585735813,22.1217566445628
9856494.100398,909.600338195194,87.2288445040043,1.46703379597996E-05,43.9763866881796,20.6596476647994
10019502.980642,975.885443220779,87.0204489403003,1.54805110784582E-05,50.7260771157647,19.2123311681876
10185207.737814,1052.72487000979,86.77869779818,1.64239785732214E-05,59.1554685647587,17.7677825602541
10353652.956923,1142.05779561054,86.4902799004156,1.75226301634484E-05,69.9143456295444,16.3044618802663
10524883.960335,1247.93759401495,86.1514965150828,1.88284793508312E-05,83.7597754098071,14.865411198297
10698946.819968,1375.0354355344,85.746411272874,2.03983526863889E-05,101.98768855146,13.445230270058
10875888.369686,1530.50689978441,85.2437338593745,2.23199173575701E-05,126.905340878033,12.0186943847534
11055756.217902,1726.01725653999,84.6171010631013,2.473758735525E-05,161.919687737528,10.6127028748476
11238598.76039,1977.39371866733,83.7679150579424,2.78372906967517E-05,214.658053832049,9.15739213498851
11424465.1933,2314.82873070376,82.6544655436052,3.19833698548333E-05,295.957457150185,7.75730165928103
11613405.526401,2789.81343825049,81.0898030602368,3.77713836304327E-05,432.103633506366,6.37843942597962
11805470.596536,3501.91537793529,78.6711389638892,4.62910557380632E-05,687.916518371511,4.99142465567766
12000712.081296,4691.30650377657,74.6881308256088,6.00081705740782E-05,1238.84671773161,3.65241146306371
12199182.512929,6998.32496751178,66.5968808541882,8.3791479367909E-05,2779.719644866,2.31051854678322
12400935.292474,12425.6146691095,44.5142507415441,0.000111803465552024,8860.40878979218,0.983186294684405
12606024.704126,16470.6368679649,-17.4750204834621,-6.24443577155389E-05,15710.4833806785,0.314819538212444
12814505.929845,9098.82400975354,-57.8446833626571,-9.56722849691792E-05,4842.5414652665,1.59072289948782
13026435.064202,5602.81714763576,-70.6643563138051,-6.4593185766504E-05,1855.10097686461,2.84986703515377
13241869.129475,3980.80314641023,-76.2303655388026,-4.64704947661518E-05,947.505763773534,4.0806053595165
13460866.090985,3071.85169049344,-79.2977594630991,-3.56883589320297E-05,570.458341264098,5.29121630188409
13683484.872699,2495.63044586893,-81.1828841551528,-2.86840789328006E-05,382.532832170319,6.44686799574163
13909785.37308,2098.27013631207,-82.5020157685229,-2.38029990762195E-05,273.806021605126,7.5978196772328
14139828.481208,1807.66302431944,-83.4658724539804,-2.02145088921282E-05,205.703019000454,8.73064920623785
14373676.093156,1587.05100122506,-84.2020485147039,-1.74829915574196E-05,160.325045650025,9.84831878143196
14611391.128651,1413.32227331179,-84.7539806569664,-1.5330164353758E-05,129.223495937776,10.8912257409082
14853037.547998,1272.35101516586,-85.2217143624393,-1.35862553904667E-05,105.987067789516,11.9630534772349
15098680.369295,1156.40952653022,-85.5924891769044,-1.21536451815168E-05,88.8697595470572,12.9739257436926
15348385.685921,1058.83957783151,-85.8971243368985,-1.09514885241148E-05,75.7573306088869,13.940908003329
15602220.684321,976.072812212936,-86.1579237170233,-9.93433426361324E-06,65.4033572024343,14.8903536333734
15860253.662088,904.560224589839,-86.3699611478209,-9.05889606840295E-06,57.2711028225768,15.7626679996739
16122554.046332,842.278357200926,-86.5547377215565,-8.29958364442402E-06,50.6166675759654,16.6102613827474
16389192.412367,787.638911298857,-86.7280736423084,-7.6362690333694E-06,44.9543766944697,17.4922897477035
16660240.502694,739.12224035375,-86.8721886565793,-7.05030144206306E-06,40.3290932627718,18.2999693858802
16935771.246311,695.774218700009,-86.9876155981749,-6.52954563432994E-06,36.5641927226939,19.002547178232
17215858.778328,656.734260873262,-87.1124589909741,-6.06358339121388E-06,33.0834920703027,19.8256105187564
17500578.459921,621.52065930277,-87.2144774123877,-5.6455967212865E-06,30.204282736464,20.5529231136924
17790006.898604,589.419637185301,-87.2970162694178,-5.26726489329198E-06,27.7961275453253,21.1815066691374
18084221.968844,560.155184424359,-87.379715574156,-4.92463840020652E-06,25.6084189868512,21.8509980237964
18383302.833013,533.350405811456,-87.4541773675183,-4.61296720582189E-06,23.6905545710264,22.49098882643
18687329.962686,508.579233177266,-87.512230375417,-4.32734966358999E-06,22.0754559140711,23.0165077553416
18996385.160298,485.678619300697,-87.5682063163097,-4.06543353824408E-06,20.6073753713885,23.5469693482396
19310551.581149,464.421219702109,-87.6234461298542,-3.82440433939383E-06,19.2580604492897,24.0949374986247
19629913.755779,444.679925544645,-87.6673821967963,-3.60237776205201E-06,18.0987466426485,24.549294301712
19954557.612714,426.23811922626,-87.7091048648223,-3.39690240933626E-06,17.038020677224,24.9968855344453
20284570.501584,408.929540183521,-87.7444368269556,-3.20601969534613E-06,16.0941730133905,25.388860256399
20620041.216628,392.683779228521,-87.7781272268694,-3.02863498294096E-06,15.2240661339969,25.7742282371542
20961060.020582,377.424298044521,-87.8069614923595,-2.86364079458786E-06,14.4426681767492,26.1134478584268
21307718.668969,362.994020941826,-87.8319150348966,-2.70939076186866E-06,13.7324962445378,26.4142922836688
21660110.434783,349.358047284631,-87.8552933012845,-2.5652274906663E-06,13.0741842958851,26.7024934871968
22018330.133589,336.449356843864,-87.8694373412668,-2.43027335644347E-06,12.5080984192872,26.8799268975803
22382474.149032,324.16774840987,-87.887742905,-2.3034917174419E-06,11.9480098229674,27.1130917657398
22752640.458772,312.499198106392,-87.9052680469913,-2.184474222812E-06,11.4224161697385,27.3401326489514
23128928.660844,301.35973828624,-87.9124106964394,-2.07234239401604E-06,10.9777052632569,27.4337596890687
23511440.000458,290.745754659509,-87.9231713636617,-1.96683947663776E-06,10.5364984363473,27.5760277147374
23900277.397239,280.575304257734,-87.926312219893,-1.86716254591291E-06,10.1525552127331,27.6178315937862
24295545.472921,270.783049737208,-87.9343943403463,-1.77268945460247E-06,9.76005301762697,27.7259864603579
24697350.579495,261.379313237432,-87.9370952066362,-1.68329186221821E-06,9.40879335202867,27.762318270219
25105800.827822,252.379253886654,-87.9392184574681,-1.59889053023315E-06,9.07547434991749,27.7909468808092
25521006.116729,243.781414244429,-87.9319183670477,-1.51928749515592E-06,8.79733906486607,27.6927632279571
25943078.16257,235.492616951012,-87.9210513415772,-1.44374326817179E-06,8.54285681510869,27.5478822129288
26372130.529292,227.453484910756,-87.9097737995071,-1.37176098784034E-06,8.29596503411241,27.3991203283488
26808278.658985,219.658460247375,-87.8977824793048,-1.30318702688404E-06,8.05759636617243,27.2426930556373
27251639.902948,212.115003624598,-87.8839993480579,-1.23794868172459E-06,7.83187641477599,27.0650806711733
27702333.553259,204.78699264258,-87.8668336937093,-1.17572318317396E-06,7.62261728065948,26.8470881769561
28160480.874878,197.675870715404,-87.8450738830608,-1.11641711700745E-06,7.43294670801857,26.5757422146173
28626205.13827,190.759930348387,-87.8215913924743,-1.05981371307165E-06,7.25102211390845,26.2889931041805
29099631.652575,184.042194312029,-87.792513129107,-1.00583705152072E-06,7.08900772720895,25.9423634665454
29580887.799322,177.471822602632,-87.7619140481463,-9.54128615890797E-07,6.93063598008306,25.587326149388
30070103.066704,171.05855379826,-87.726908610211,-9.04665741086574E-07,6.78461376039906,25.1928789802589
30567409.084421,164.786210619743,-87.6849449854988,-8.57290004807747E-07,6.65643006018617,24.7357387064754
31072939.65909,158.648243429723,-87.6375229292145,-8.11902293148756E-07,6.53969010401341,24.2386712934607
31586830.810255,152.629064205527,-87.5889382752614,-7.68363417322837E-07,6.42088297875625,23.7496846294577
32109220.80698,146.718198587478,-87.5343838914355,-7.26561034424806E-07,6.31179322371724,23.2235696505008
32640250.205053,140.907709135375,-87.4782625653604,-6.86405306851798E-07,6.19971557119207,22.7060826621187
33180061.884804,135.165856765603,-87.4286894919367,-6.4769785046981E-07,6.06391499139682,22.2677538239047
33728801.089553,129.419234130603,-87.3554023036989,-6.10035718574632E-07,5.97147459981866,21.6498278621601
34286615.464681,123.802900334999,-87.2404989924811,-5.7401394233256E-07,5.96033721504852,20.747037644713
34853655.097365,118.275554049989,-87.1275797180004,-5.39412244543966E-07,5.92704748568515,19.9301511092978
35430072.556955,112.78700540874,-87.0070313241636,-5.05957865814824E-07,5.88899351036083,19.1260455769766
36016022.936028,107.330126270209,-86.8753315414413,-4.73587105514293E-07,5.85042820312679,18.3184126437116
36611663.892116,101.896825173204,-86.7263422302978,-4.42233916344539E-07,5.81882070868662,17.4830180630271
37217155.690124,96.4731293009821,-86.553114201786,-4.11810060231991E-07,5.8002756411004,16.602418878283
37832661.245457,91.0503051107013,-86.3549163412277,-3.82256767614255E-07,5.7885964983916,15.6974339949811
38458346.167849,85.617337892079,-86.1237067135541,-3.53505837116285E-07,5.78794461239566,14.7585161683825
39094378.805923,80.1659267732914,-85.8539274104659,-3.2550493717456E-07,5.79595494766852,13.7951607118609
39740930.292493,74.6725349028611,-85.5324657466587,-2.98140819896471E-07,5.81655704961875,12.7989206629452
40398174.590601,69.1276630397706,-85.1456738574975,-2.71362405767641E-07,5.84976605320197,11.7747797705847
41066288.54033,63.5179827166582,-84.6765126451481,-2.45106089697403E-07,5.89311959584073,10.7318395085762
41745451.906384,57.8254849494907,-84.0898521104348,-2.19288390835406E-07,5.95421565128674,9.66006649334205
42435847.426456,52.0307884674495,-83.3436671118049,-1.93825222355731E-07,6.0310850189775,8.56894958777016
43137660.860392,46.1181885587699,-82.3731517395553,-1.68646246891277E-07,6.1208451835966,7.46795592193634
43851081.04018,40.0669664770138,-81.0524337199025,-1.43651107667191E-07,6.23163635193582,6.3513646811325
44576299.92075,33.8610263454717,-79.1677633471686,-1.18743010762269E-07,6.36363659482803,5.22620656208432
45313512.631626,27.4962638538485,-76.2914552087749,-9.38242405522794E-08,6.51614806357542,4.09950774641968
46062917.529427,21.0037231175815,-71.4169621525783,-6.87876465785114E-08,6.69343944788945,2.97435240175908
46824716.251239,14.5403264731118,-61.6681294329518,-4.35017936480312E-08,6.90051757346682,1.85472924727396
47599113.768864,8.92254206312187,-36.763481316227,-1.78559737692914E-08,7.14796451752394,0.747101978369977
48386318.443977,7.86275248924543,18.6980202625075,8.29103857793524E-09,7.44776706926121,0.338442814557057
49186542.08418,13.3747571994342,54.2355016431528,3.51162981389978E-08,7.8169438648875,1.38834657917229
50000000,21.4033173185471,67.2727504554736,6.28389710552579E-08,8.26905933199488,2.38738702795974

